Filename,left eye X,left eye Y,Right eye X,Right eye Y,Nose X,Nose Y
IV_01452.BMT,39.0,92.0,65.0,92.0,35.0,119.0
IV_01454.BMT,241.5,81.5,267.5,77.5,271.5,108.5
IV_01455.BMT,29.5,78.5,56.0,82.5,16.0,105.0
IV_01456.BMT,236.0,94.5,273.0,83.5,279.5,107.5
IV_01461.BMT,250.5,86.5,278.0,87.0,278.5,109.0
IV_01462.BMT,61.0,79.5,93.5,85.5,67.5,84.5
IV_01463.BMT,28.5,86.5,55.5,79.5,33.5,101.5
IV_01465.BMT,265.5,90.0,286.5,89.0,293.5,116.5
IV_01466.BMT,210.0,104.0,244.0,102.0,244.5,131.0
IV_01467.BMT,258.5,105.0,289.0,115.5,281.0,127.5
IV_01468.BMT,236.5,71.5,267.5,75.0,263.5,99.0
IV_01949.BMT,71.5,97.5,104.5,93.0,79.0,109.0
IV_01951.BMT,229.0,104.5,256.0,105.0,252.0,128.5
IV_01952.BMT,222.5,99.0,251.0,95.5,246.0,111.0
IV_01953.BMT,229.0,110.5,252.5,114.5,241.0,132.0
IV_01954.BMT,229.0,100.0,256.0,95.0,255.0,123.0
IV_01955.BMT,232.0,84.5,253.5,84.5,248.0,108.0
IV_01956.BMT,242.0,88.0,264.5,88.0,260.0,109.5
IV_01957.BMT,224.0,89.5,256.0,90.0,250.5,110.0
IV_01958.BMT,249.5,101.5,276.0,99.5,266.0,120.5
IV_01959.BMT,76.0,91.5,122.5,90.0,81.0,110.5
IV_01961.BMT,180.5,82.0,215.5,84.5,202.0,108.0
IV_01962.BMT,56.5,99.0,84.5,100.5,64.5,120.0
IV_01963.BMT,238.0,76.5,264.5,71.5,267.0,86.0
IV_01984.BMT,72.5,107.0,99.5,100.5,84.0,127.5
IV_01985.BMT,23.0,91.0,47.5,88.0,25.0,102.0
IV_01986.BMT,55.0,97.5,85.5,96.5,60.5,113.5
IV_01987.BMT,195.0,124.5,197.0,162.5,162.5,156.5
IV_01989.BMT,236.0,89.5,264.0,84.5,261.5,114.5
IV_01991.BMT,232.0,93.0,255.5,91.0,251.5,116.5
IV_01992.BMT,32.0,107.0,64.5,101.0,42.0,127.5
IV_01993.BMT,67.0,133.5,91.5,132.5,73.0,147.0
IV_01994.BMT,41.0,110.0,63.0,109.0,42.5,137.0
IV_01995.BMT,41.5,128.0,67.0,128.0,46.5,155.0
IV_01996.BMT,224.5,98.5,255.5,97.0,253.5,121.0
IV_01998.BMT,75.0,98.0,113.0,99.0,79.0,125.5
IV_02039.BMT,47.0,112.5,66.0,112.5,55.5,135.0
IV_02040.BMT,66.0,91.0,107.5,88.0,63.0,111.0
IV_02042.BMT,40.5,76.5,72.0,82.0,49.5,89.0
IV_02043.BMT,39.0,95.0,67.5,92.5,48.5,115.0
IV_02044.BMT,236.0,93.0,258.0,93.5,251.5,113.5
IV_02045.BMT,230.0,90.5,260.0,88.5,259.5,111.5
IV_02046.BMT,241.0,96.5,264.5,100.5,266.5,119.5
IV_02047.BMT,43.5,87.0,74.5,92.0,39.5,121.0
IV_02048.BMT,165.5,132.0,197.5,125.5,191.5,152.0
IV_02049.BMT,100.0,80.5,140.5,89.0,97.0,96.5
IV_02051.BMT,221.0,78.0,253.0,76.0,253.0,106.5
IV_02053.BMT,49.5,100.0,83.5,101.0,58.5,110.0
IV_02054.BMT,167.5,83.5,210.0,78.0,208.5,121.5
IV_02056.BMT,181.5,97.5,187.5,142.5,146.5,127.5
IV_02058.BMT,202.0,88.5,236.5,83.5,239.5,118.0
IV_02060.BMT,150.5,85.0,193.5,79.5,190.0,102.5
IV_02063.BMT,114.5,103.5,142.0,102.5,119.5,137.5
IV_02064.BMT,47.0,132.0,75.5,135.5,45.5,150.0
IV_02074.BMT,210.5,99.5,242.5,89.5,250.0,108.5
IV_02075.BMT,159.0,56.5,190.0,59.0,176.5,88.5
IV_02076.BMT,236.5,101.0,264.5,93.0,266.5,112.5
IV_02079.BMT,191.0,128.0,221.0,121.5,207.0,134.0
IV_02080.BMT,225.5,99.0,256.5,98.0,248.5,109.0
IV_02082.BMT,241.5,101.0,265.5,101.5,258.0,128.0
IV_02099.BMT,239.5,96.0,266.5,94.0,265.5,115.0
IV_02120.BMT,231.0,103.5,256.0,103.5,251.0,132.0
IV_02122.BMT,220.0,110.0,248.5,106.0,252.0,136.0
IV_02142.BMT,210.0,83.5,240.5,72.0,239.5,100.5
IV_02144.BMT,17.0,74.0,36.5,68.5,15.0,96.0
IV_02145.BMT,251.5,98.5,279.5,95.5,281.0,121.0
IV_02146.BMT,164.0,92.5,208.5,94.5,199.0,126.0
IV_02168.BMT,214.5,88.0,241.0,89.5,239.5,118.5
IV_02169.BMT,40.5,84.0,64.0,84.5,41.5,96.5
IV_02170.BMT,231.5,86.0,256.5,83.5,252.0,105.0
IV_02171.BMT,225.0,77.0,254.5,79.5,252.0,110.5
IV_02172.BMT,226.5,90.0,249.5,90.0,245.5,108.5
IV_02173.BMT,234.0,93.5,269.0,85.5,271.5,106.5
IV_02174.BMT,44.0,68.0,69.5,67.0,52.5,86.5
IV_02175.BMT,206.0,94.5,239.5,90.0,243.5,119.0
IV_02178.BMT,103.0,88.5,130.0,90.5,106.0,120.5
IV_02180.BMT,83.5,77.0,122.0,84.5,84.0,101.5
IV_02181.BMT,43.0,54.0,66.5,50.0,49.0,85.5
IV_02182.BMT,223.5,81.5,253.5,83.5,248.0,111.5
IV_02184.BMT,169.5,101.5,202.0,104.0,197.0,135.5
IV_02185.BMT,145.5,41.5,156.5,75.0,120.5,52.5
IV_02229.BMT,88.5,84.0,122.0,91.5,80.5,95.0
IV_02230.BMT,147.5,92.5,181.5,86.5,190.5,109.5
IV_02232.BMT,60.5,104.0,81.5,104.5,57.5,126.5
IV_02233.BMT,225.0,100.0,252.5,101.5,245.0,128.5
IV_02234.BMT,233.5,115.5,265.5,114.0,259.5,149.5
IV_02235.BMT,236.0,97.0,257.5,97.5,254.0,130.5
IV_02236.BMT,237.0,112.5,259.5,108.5,258.5,143.5
IV_02237.BMT,241.0,86.5,267.5,80.5,270.5,117.0
IV_02238.BMT,231.0,77.0,257.5,74.5,256.0,108.5
IV_02239.BMT,231.5,111.0,258.0,109.5,249.0,140.5
IV_02240.BMT,233.5,121.5,261.0,122.0,252.5,156.5
IV_02241.BMT,191.5,105.5,225.5,102.0,228.0,139.0
IV_02244.BMT,184.0,113.0,195.0,168.5,142.0,161.5
IV_02246.BMT,162.5,98.5,210.5,89.0,207.0,133.0
IV_02248.BMT,183.0,73.0,183.5,120.5,157.5,81.0
IV_02251.BMT,34.0,90.5,62.0,94.0,28.5,107.0
IV_02253.BMT,171.5,71.5,215.5,68.5,215.5,100.5
IV_02254.BMT,242.0,108.5,268.0,107.5,263.0,137.0
IV_02255.BMT,250.5,91.5,275.0,97.0,268.5,111.0
IV_02256.BMT,220.0,105.0,253.0,110.0,245.0,135.5
IV_02258.BMT,62.5,85.0,97.0,95.5,60.5,105.0
IV_02259.BMT,194.5,70.0,231.0,63.5,237.5,84.0
IV_02263.BMT,224.0,80.5,260.0,85.0,254.0,101.5
IV_02264.BMT,58.0,69.0,91.5,74.0,57.0,87.5
IV_02265.BMT,106.0,72.5,132.5,84.0,95.0,101.5
IV_02266.BMT,68.5,20.5,94.5,32.5,72.0,46.0
IV_02387.BMT,224.0,80.5,247.0,79.5,244.5,96.5
IV_02388.BMT,257.5,123.0,285.5,121.0,283.0,140.0
IV_02389.BMT,31.0,90.0,55.0,94.5,32.0,103.5
IV_02390.BMT,220.5,101.5,247.5,95.5,246.0,117.0
IV_02391.BMT,44.5,70.0,76.0,73.5,51.0,91.0
IV_02392.BMT,38.0,100.5,63.5,98.0,45.0,116.5
IV_02394.BMT,178.5,88.5,211.0,72.0,223.5,103.5
IV_02395.BMT,25.5,105.0,46.0,105.0,27.0,117.5
IV_02417.BMT,210.5,141.0,212.0,171.0,168.0,176.5
IV_02418.BMT,236.0,117.5,266.5,121.0,253.5,151.0
IV_02419.BMT,223.0,90.5,254.5,88.0,250.5,110.0
IV_02420.BMT,251.0,78.5,276.5,79.0,272.5,97.0
IV_02421.BMT,236.0,121.0,259.5,119.0,270.0,143.5
IV_02422.BMT,31.0,74.0,61.0,74.0,35.0,86.5
IV_02423.BMT,221.5,116.5,250.0,111.5,247.0,135.0
IV_02424.BMT,57.0,70.0,90.5,74.5,59.0,106.0
IV_02425.BMT,44.0,130.5,69.0,127.0,47.5,149.0
IV_02426.BMT,233.0,89.0,256.0,87.5,256.0,117.0
IV_02427.BMT,60.0,58.5,90.5,61.5,61.5,85.5
IV_02428.BMT,72.5,52.0,100.5,55.0,75.5,75.0
IV_02429.BMT,109.0,101.5,138.5,91.0,116.5,125.0
IV_02434.BMT,222.5,83.5,246.0,84.0,243.0,92.5
IV_02435.BMT,238.5,105.5,263.0,97.5,261.5,119.0
IV_02456.BMT,226.0,109.5,258.0,99.0,251.0,138.5
IV_02458.BMT,198.5,69.5,200.5,113.0,170.0,85.5
IV_02479.BMT,209.5,37.0,240.0,33.5,232.5,61.0
IV_02480.BMT,211.5,91.0,248.0,86.5,245.0,104.5
IV_02481.BMT,257.5,76.0,287.0,71.0,289.5,87.5
IV_02482.BMT,233.0,78.0,263.5,79.0,267.5,105.5
IV_02483.BMT,232.0,105.5,261.5,104.5,255.5,126.0
IV_02484.BMT,238.5,89.0,271.5,82.0,273.5,97.0
IV_02485.BMT,245.0,113.5,270.0,111.5,261.5,139.0
IV_02486.BMT,235.0,82.5,263.5,81.5,261.5,103.5
IV_02487.BMT,189.0,110.5,220.5,128.0,209.5,148.5
IV_02490.BMT,79.5,97.0,109.5,106.0,72.5,133.0
IV_02491.BMT,44.0,90.5,66.0,97.0,32.0,105.5
IV_02492.BMT,31.0,82.5,54.5,83.0,28.0,104.5
IV_02493.BMT,35.0,84.0,60.5,85.0,35.5,106.0
IV_02494.BMT,227.5,86.0,255.0,80.5,266.5,101.0
IV_02496.BMT,197.5,91.5,235.0,84.5,242.0,112.0
IV_02498.BMT,183.0,88.5,217.5,89.0,222.0,117.0
IV_02499.BMT,45.5,71.5,72.5,72.5,48.0,95.0
IV_02500.BMT,224.5,89.0,261.5,91.5,256.0,115.5
IV_02501.BMT,252.0,83.0,281.0,82.0,275.5,94.0
IV_02502.BMT,270.0,82.0,289.0,81.0,295.0,96.5
IV_02503.BMT,29.5,80.0,54.5,77.5,33.5,92.5
IV_02504.BMT,46.5,86.5,71.0,87.5,61.0,111.5
IV_02525.BMT,253.5,89.0,276.5,85.0,276.5,94.5
IV_02526.BMT,62.0,98.0,83.0,102.0,68.0,121.5
IV_02527.BMT,261.5,91.5,286.5,89.5,284.0,104.0
IV_02528.BMT,244.5,101.5,270.5,99.5,268.5,118.0
IV_02530.BMT,167.5,128.0,177.0,157.5,137.0,158.5
IV_02542.BMT,46.0,83.0,79.0,83.5,45.5,111.5
IV_02543.BMT,240.5,101.5,265.5,96.5,271.5,121.0
IV_02545.BMT,198.0,74.5,237.0,71.0,243.5,94.0
IV_02546.BMT,29.5,94.5,51.5,95.0,30.5,107.5
IV_02547.BMT,256.0,86.0,278.0,87.5,277.0,107.5
IV_02548.BMT,43.0,86.0,73.5,79.5,51.0,92.5
IV_02549.BMT,225.0,103.0,255.5,99.0,249.0,124.5
IV_02550.BMT,229.0,96.5,255.5,99.0,246.5,124.5
IV_02551.BMT,243.5,69.0,273.5,68.5,267.5,102.0
IV_02552.BMT,224.0,110.0,247.5,111.5,240.0,135.0
IV_02573.BMT,261.0,119.0,282.0,119.5,279.0,140.5
IV_02574.BMT,233.5,107.0,267.0,100.0,261.5,115.5
IV_02575.BMT,224.0,103.5,257.0,89.5,263.5,105.0
IV_02576.BMT,254.0,118.5,271.0,117.5,269.0,143.0
IV_02577.BMT,228.0,97.5,258.5,89.5,266.0,123.5
IV_02578.BMT,220.5,103.5,254.5,101.5,250.5,132.0
IV_02579.BMT,240.0,88.0,269.5,90.0,263.0,114.5
IV_02600.BMT,244.5,96.0,270.5,90.5,277.5,116.5
IV_02621.BMT,237.5,103.5,267.5,107.5,263.0,129.0
IV_02622.BMT,38.0,104.5,68.5,103.0,43.0,124.5
IV_02645.BMT,215.0,102.0,249.5,100.0,246.0,125.0
IV_02646.BMT,216.5,99.0,247.0,96.0,247.0,116.5
IV_02648.BMT,197.0,138.5,202.0,178.5,176.5,168.5
IV_02659.BMT,253.0,86.0,279.5,86.0,286.5,105.5
IV_02680.BMT,212.0,113.5,250.5,108.5,248.0,131.5
IV_02681.BMT,236.5,124.0,263.0,117.0,265.0,143.0
IV_02682.BMT,248.0,104.5,274.5,97.5,280.0,119.0
IV_02683.BMT,258.0,110.5,287.5,110.5,286.0,134.5
IV_02684.BMT,255.5,125.0,279.5,124.0,275.5,151.5
IV_02685.BMT,28.5,76.0,56.5,81.5,26.0,93.5
IV_02686.BMT,229.5,96.5,262.0,90.0,261.0,125.0
IV_02687.BMT,145.0,96.0,178.0,94.0,159.0,117.0
IV_02696.BMT,150.0,86.0,186.5,75.5,186.0,101.5
IV_02698.BMT,34.5,92.0,68.0,91.5,44.0,120.5
IV_02699.BMT,50.5,97.0,75.5,104.5,46.0,119.5
IV_02700.BMT,143.0,100.0,180.5,107.0,140.5,127.5
IV_02701.BMT,178.0,77.0,207.0,75.0,204.5,98.5
IV_02702.BMT,246.0,108.0,278.0,104.5,271.5,129.5
IV_02703.BMT,263.5,122.0,285.0,119.0,282.5,149.0
IV_02704.BMT,40.0,127.0,67.5,132.5,37.5,147.0
IV_02715.BMT,211.5,160.0,220.0,201.0,177.0,195.5
IV_02716.BMT,235.0,65.0,264.0,57.5,267.0,85.5
IV_02717.BMT,238.0,91.5,264.5,87.5,266.0,110.0
IV_02718.BMT,47.5,78.5,70.5,77.0,51.0,87.0
IV_02719.BMT,45.5,92.0,68.5,93.5,52.0,112.0
IV_02740.BMT,67.5,77.0,89.5,80.0,67.0,94.5
IV_02741.BMT,239.0,81.0,266.5,76.0,272.0,101.5
IV_02742.BMT,42.0,92.0,64.0,95.0,39.0,111.0
IV_02743.BMT,247.0,70.5,282.0,72.0,279.5,90.0
IV_02744.BMT,65.0,107.5,88.5,107.5,75.5,134.0
IV_02745.BMT,190.5,42.5,227.0,38.5,218.5,54.0
IV_02746.BMT,206.5,76.0,232.5,73.0,226.0,87.5
IV_02747.BMT,251.5,88.0,286.5,83.0,284.0,104.5
IV_02748.BMT,40.5,114.5,63.0,114.0,49.0,130.5
IV_02750.BMT,156.0,140.5,164.5,181.0,111.5,175.5
IV_02751.BMT,261.0,104.0,285.0,106.0,277.5,129.5
IV_02752.BMT,242.0,111.0,266.5,108.5,262.0,140.5
IV_02773.BMT,241.0,93.5,269.0,93.0,267.5,119.0
IV_02774.BMT,236.5,65.0,263.0,63.5,262.0,90.0
IV_02775.BMT,268.0,105.5,295.0,114.0,288.5,120.0
IV_02776.BMT,73,67,95,64,82,91
IV_02796.BMT,239.0,67.0,261.5,68.0,252.5,93.0
IV_02798.BMT,199.0,33.0,201.0,70.0,171.5,26.0
IV_02799.BMT,254.5,127.0,281.0,124.5,277.0,155.5
IV_02800.BMT,39.0,91.0,67.5,84.5,38.5,102.5
IV_02801.BMT,35.5,83.0,64.5,79.0,51.0,108.5
IV_02802.BMT,244.5,77.0,277.0,72.0,274.5,100.0
IV_02821.BMT,245.0,96.5,274.5,94.5,269.5,124.5
IV_02823.BMT,195.5,55.0,195.0,91.5,161.5,65.0
IV_02824.BMT,244.5,70.5,271.5,63.0,270.0,80.0
IV_02825.BMT,10.5,63.5,31.5,60.5,14.0,73.5
IV_02826.BMT,35.5,73.0,73.0,76.5,53.0,102.0
IV_02828.BMT,225.5,85.5,261.0,90.0,249.0,109.0
IV_02829.BMT,202.5,122.5,232.0,120.0,222.5,152.5
IV_02830.BMT,153.5,92.5,187.5,83.5,188.5,106.0
IV_02832.BMT,49.0,89.0,76.5,85.5,66.0,120.5
IV_02833.BMT,204.5,98.0,234.5,98.5,233.0,137.5
IV_02834.BMT,211.0,105.0,241.0,100.5,240.0,139.0
IV_02835.BMT,163.0,63.5,203.5,57.5,208.5,95.0
IV_02837.BMT,37.0,99.0,74.5,84.0,50.0,121.5
IV_02838.BMT,72.5,95.5,100.5,108.5,69.0,116.0
IV_02839.BMT,232.5,90.0,256.0,88.0,246.5,115.0
IV_02840.BMT,238.5,95.0,271.0,96.0,271.0,131.0
IV_02841.BMT,31.5,129.5,60.0,136.0,39.5,154.5
IV_02842.BMT,57.5,105.0,86.0,101.0,65.0,127.0
IV_02843.BMT,91.5,84.0,119.0,84.5,97.0,110.5
IV_02844.BMT,240.0,98.0,268.5,98.0,262.0,114.0
IV_02845.BMT,243.0,114.0,272.0,111.0,272.0,140.5
IV_02846.BMT,222.0,101.0,244.0,101.0,237.5,123.5
IV_02847.BMT,156.5,72.5,163.0,113.0,120.5,85.5
IV_02869.BMT,226.0,102.5,249.0,101.5,242.5,124.5
IV_02870.BMT,48.0,98.5,76.0,104.0,43.0,116.0
IV_02871.BMT,44.0,68.0,66.0,66.5,52.0,94.0
IV_02872.BMT,190.5,43.5,188.5,80.5,163.0,41.0
IV_02874.BMT,260.5,86.5,279.5,83.5,283.5,117.5
IV_02875.BMT,32.5,70.5,64.0,72.5,41.5,96.0
IV_02876.BMT,56.5,101.5,82.0,119.5,43.0,120.5
IV_02877.BMT,232.0,95.0,265.0,92.5,261.5,114.5
IV_02878.BMT,37.0,89.0,60.5,86.5,47.5,107.5
IV_02879.BMT,195.0,100.0,223.5,90.5,227.5,129.5
IV_02880.BMT,224.5,109.5,252.5,101.0,257.5,127.0
IV_02885.BMT,197.5,105.0,229.0,95.5,231.0,126.0
IV_02886.BMT,206.0,93.0,241.5,94.0,240.0,121.5
IV_02887.BMT,234.0,98.0,263.0,92.0,259.5,121.5
IV_02888.BMT,210.5,116.5,237.0,110.5,235.5,150.5
IV_02890.BMT,252.0,102.5,285.0,98.0,288.5,114.0
IV_02891.BMT,38.0,100.0,62.0,102.0,43.0,130.5
IV_02892.BMT,179.5,82.5,216.5,78.5,213.0,121.5
IV_02894.BMT,259.0,95.0,287.5,96.0,276.0,127.0
IV_02895.BMT,228.0,82.5,258.0,83.0,250.5,100.0
IV_02896.BMT,240.5,93.0,273.0,97.5,263.0,121.5
IV_02898.BMT,64.5,71.5,89.0,80.0,68.0,87.0
IV_02899.BMT,242.5,79.5,264.5,75.0,266.0,88.5
IV_02900.BMT,242.0,81.5,272.0,76.0,263.0,85.5
IV_02933.BMT,60.0,121.0,92.5,129.5,68.0,140.5
IV_02934.BMT,211.5,100.0,241.0,95.0,237.5,118.5
IV_02935.BMT,40.5,103.0,69.5,110.5,40.5,138.5
IV_02936.BMT,214.5,113.5,239.0,109.5,236.5,138.5
IV_02937.BMT,70.0,122.5,94.0,120.5,76.5,143.0
IV_02938.BMT,48.5,129.0,76.0,131.5,56.0,151.0
IV_02959.BMT,44.5,101.0,71.5,100.5,53.0,133.5
IV_02960.BMT,30.5,54.5,56.0,55.0,35.0,74.0
IV_02961.BMT,240.0,97.5,267.0,97.5,263.0,115.5
IV_02962.BMT,227.5,100.5,258.5,93.5,256.5,121.5
IV_02963.BMT,19.0,107.5,49.0,109.5,20.0,139.5
IV_02964.BMT,44.0,75.5,71.5,73.5,48.0,93.5
IV_02971.BMT,117.5,95.0,149.5,90.5,134.5,122.0
IV_02972.BMT,225.5,120.5,247.0,125.5,233.5,140.0
IV_02973.BMT,211.5,95.5,237.0,93.5,233.5,127.0
IV_02994.BMT,261.5,100.5,281.5,99.5,281.0,127.5
IV_02995.BMT,214.5,129.5,244.5,128.0,240.0,150.5
IV_02996.BMT,229.5,103.5,258.5,101.5,252.0,124.0
IV_02997.BMT,230.0,95.5,269.5,96.0,261.0,121.0
IV_02998.BMT,254.0,82.5,282.5,80.5,280.0,94.5
IV_02999.BMT,57,91,88,98,54,107
IV_03000.BMT,218.0,145.5,247.5,145.0,236.5,167.5
IV_03001.BMT,245.0,90.5,275.0,92.0,274.0,115.5
IV_03002.BMT,236.0,120.5,263.5,115.0,270.5,133.5
IV_03003.BMT,245.5,107.0,272.5,106.5,271.5,133.0
IV_03004.BMT,56.5,109.5,86.5,111.0,66.0,137.5
IV_03005.BMT,29.0,82.5,54.5,81.0,33.5,102.0
IV_03007.BMT,136.0,54.5,142.0,93.0,110.0,62.0
IV_03008.BMT,229.0,88.0,259.0,81.5,253.5,112.5
IV_03009.BMT,237.5,105.5,265.0,104.5,258.0,136.5
IV_03010.BMT,60.0,99.5,89.5,98.5,74.0,131.5
IV_03011.BMT,22.5,119.5,54.5,111.0,28.5,134.5
IV_03012.BMT,163.5,120.0,163.5,157.5,128.5,149.0
IV_03014.BMT,75.0,125.5,102.5,132.5,75.5,142.5
IV_03026.BMT,60.5,100.0,85.0,105.5,61.0,120.0
IV_03027.BMT,216.0,105.0,247.5,100.5,253.0,118.5
IV_03028.BMT,240.0,104.0,271.5,103.0,270.5,130.5
IV_03029.BMT,249.0,140.5,280.5,137.0,282.0,161.0
IV_03050.BMT,223.5,115.0,247.0,115.0,243.5,129.0
IV_03052.BMT,180.0,49.0,190.5,78.5,160.0,49.0
IV_03073.BMT,253.5,85.5,275.5,79.5,277.0,107.0
IV_03074.BMT,196.0,87.0,226.0,78.5,228.5,97.5
IV_03095.BMT,210.5,119.5,247.5,111.5,236.0,150.5
IV_03096.BMT,222.5,97.0,262.0,89.0,260.0,106.5
IV_03097.BMT,191.0,113.5,223.5,115.5,217.0,149.0
IV_03098.BMT,209.5,104.5,237.0,106.0,228.5,135.5
IV_03099.BMT,247.5,112.5,273.5,104.0,275.5,122.5
IV_03100.BMT,244.0,112.5,270.0,111.5,262.5,142.0
IV_03101.BMT,231.5,95.0,263.5,93.0,256.0,130.5
IV_03102.BMT,38.5,156.5,60.5,146.5,43.0,172.0
IV_03103.BMT,227.0,101.0,259.5,95.5,255.5,121.0
IV_03104.BMT,221.5,96.5,255.5,95.0,254.0,125.5
IV_03105.BMT,240.5,83.0,271.0,83.0,269.0,110.0
IV_03125.BMT,27.0,76.5,49.5,78.0,32.0,93.0
IV_03126.BMT,239.5,99.0,266.5,103.5,261.5,121.0
IV_03127.BMT,234.5,121.0,270.0,119.5,270.0,144.0
IV_03128.BMT,231.5,112.0,253.5,112.5,248.5,135.5
IV_03129.BMT,237.5,87.0,264.0,86.0,265.0,116.0
IV_03130.BMT,244.0,117.5,266.5,108.5,271.5,129.5
IV_03131.BMT,224.0,68.5,251.5,67.5,244.0,84.0
IV_03132.BMT,185.5,54.5,185.0,102.0,149.5,58.5
IV_03135.BMT,170.5,82.0,168.5,127.0,123.0,98.0
IV_03136.BMT,223.5,100.5,253.5,94.5,255.0,120.0
IV_03137.BMT,252.0,103.0,279.0,107.0,276.0,134.0
IV_03138.BMT,45.0,146.5,67.0,153.0,50.5,176.0
IV_03139.BMT,217.5,116.5,249.5,117.0,239.5,150.5
IV_03140.BMT,29.5,84.5,62.5,83.0,33.5,110.5
IV_03152.BMT,237.0,85.0,264.5,89.5,261.5,101.5
IV_03153.BMT,223.0,97.0,256.0,89.5,253.0,115.5
IV_03154.BMT,227.5,89.5,256.0,84.5,256.0,104.5
IV_00024B.bmt,50.0,94.4,79.1,95.4,53.5,133.0
IV_00025.BMT,49.0,83.4,72.4,90.1,41.1,115.1
IV_00028.BMT,185.2,88.8,207.2,89.5,197.8,115.1
IV_00030.BMT,91.2,91.4,109.2,90.4,98.1,114.2
IV_00033B.bmt,123.7,68.7,140.1,69.7,135.4,86.4
IV_00034.BMT,128.4,101.7,144.2,102.4,129.0,120.4
IV_00037.BMT,165.3,6.3,179.6,9.3,167.6,25.6
IV_00059.BMT,96.5,91.1,116.0,91.1,101.7,113.4
IV_00060.BMT,210.3,74.6,232.6,69.0,237.0,87.0
5055-17.BMT,82.6,56.0,95.3,56.6,88.3,70.3
5221-17 (2).BMT,58.6,51.3,68.6,48.3,60.6,56.0
5404-17 (2).BMT,57.0,34.0,69.6,35.6,58.3,43.6
5484-17.BMT,73.71,68.86,86.14,60.43,87.29,71.14
5503-17 (2).BMT,79.6,55.6,92.6,56.3,84.3,71.3
5509-17 (2).BMT,65.0,47.3,78.6,46.6,74.0,59.0
5511-17.BMT,71.43,64.43,86.43,65.0,78.29,78.43
5517-17 (2).BMT,92.29,81.14,101.71,80.57,98.86,94.71
5518-17 (2).BMT,90.6,62.0,101.0,63.0,96.3,80.6
5519-17 (2).BMT,78.86,76.71,88.57,77.86,82.29,90.86
5520-17 (2).BMT,106.29,65.14,116.86,68.0,108.29,80.29
5522-17.BMT,75.3,57.6,84.0,58.6,78.0,72.6
5526-17 (2).BMT,69.43,68.57,77.57,68.14,74.0,78.71
5527-17 (2).BMT,88.71,80.43,102.43,78.57,94.14,97.57
5531-17 (2).BMT,90.6,55.3,101.3,56.6,95.0,69.3
5532-17.BMT,79.3,51.0,90.3,53.0,83.0,67.0
5538-17.BMT,73.57,41.0,85.29,42.0,78.71,55.43
5554-17.BMT,77.0,48.3,85.3,49.3,80.6,60.6
5556-17 (3).BMT,104.43,65.86,119.0,63.57,113.29,83.86
5566-17 (2).BMT,60.3,40.0,69.6,41.0,65.6,52.0
5569-17 (2).BMT,76.0,44.6,84.3,45.6,82.0,57.6
5580-17 (4).BMT,79.6,54.3,93.6,52.6,92.6,69.0
5581-17 (2).BMT,63.3,63.0,70.3,60.3,68.0,74.0
5592-17 (2).BMT,83.71,50.43,97.14,51.43,83.71,65.14
5599-17.BMT,79.6,51.0,90.6,50.6,78.6,71.3
5600-17 (2).BMT,93.0,62.3,105.6,59.6,104.0,78.0
5643-17 (2).BMT,33.6,67.3,47.3,63.6,41.0,81.3
5654-17 (2).BMT,29.0,47.6,43.6,50.3,31.6,70.6
5655-17 (2).BMT,101.0,53.6,115.6,52.3,109.3,69.6
5668-17 (2).BMT,78.86,64.43,93.86,64.71,83.29,78.71
5676-17.BMT,74.3,34.6,99.0,39.3,88.0,49.0
5678-17 (2).BMT,72.0,56.0,99.6,53.3,85.3,81.3
5679-17 (2).BMT,65.57,69.71,82.0,73.14,69.29,89.43
5682-17.BMT,68.0,42.6,84.3,56.0,65.3,65.3
5684-17.BMT,83.3,45.3,98.3,47.6,89.6,60.0
5700-17.BMT,86.86,66.0,105.0,69.71,91.86,88.71
5733-17 (2).BMT,82.3,46.6,94.6,47.3,88.6,61.3
5738-17 (2).BMT,79.0,50.3,95.6,51.6,85.0,62.6
5740-17 (2).BMT,91.6,49.0,104.0,52.0,96.3,64.3
5743-17 (2).BMT,94.3,35.3,107.6,38.0,99.0,50.6
5746-17 (2).BMT,96.57,40.43,109.43,39.43,108.14,52.43
5749-17 (2).BMT,103.0,50.6,115.6,50.6,108.3,71.6
5750-17 (2).BMT,89.0,66.3,102.0,67.3,95.0,88.3
5754-17 (2).BMT,102.0,61.3,119.6,60.6,114.6,83.3
5766-17 (2).BMT,43.3,66.3,55.3,66.0,47.3,83.0
5767-17 (2).BMT,99.3,52.0,117.0,51.0,113.3,77.3
5774-17 (2).BMT,36.0,37.0,53.6,37.6,44.3,60.0
5776-17 (2).BMT,52.3,42.0,66.3,42.0,58.0,61.0
5779-17 (2).BMT,91.14,58.57,104.86,58.0,97.57,77.57
5786-17 (2).BMT,100.0,65.29,121.0,65.71,110.71,86.57
5788-17 (2).BMT,82.0,45.0,99.6,41.3,95.0,57.0
5794-17.BMT,51.0,33.6,69.3,30.6,61.0,52.0
5798-17.BMT,97.6,38.6,110.6,35.0,104.0,53.6
5801-17.BMT,95.29,68.71,116.71,70.14,104.14,99.71
5808-17 (2).BMT,90.86,50.43,107.14,49.57,99.57,67.43
5813-17 (2).BMT,71.14,42.43,88.0,43.0,78.43,63.57
5818-17 (2).BMT,60.0,49.3,73.6,48.6,68.0,67.0
5824-17 (2).BMT,69,45,79,47,70,59
5828-17 (2).BMT,94.6,59.3,111.0,57.0,108.0,74.0
5830-17 (2).BMT,61.6,32.3,71.3,31.6,64.6,48.0
5850-17 (2).BMT,42.6,46.3,55.3,46.6,49.0,61.6
5852-17 (2).BMT,43.6,63.0,58.0,65.3,48.0,81.6
5863-17 (2).BMT,52.6,40.0,69.3,43.0,59.0,57.3
5864-17 (2).BMT,43.6,56.0,58.0,53.6,50.0,69.0
5866-17 (2).BMT,65.3,38.0,85.3,45.6,74.3,47.6
5869-17 (2).BMT,78.6,34.6,88.6,36.6,83.6,50.0
5886-17 (2).BMT,52.3,31.6,68.0,36.0,56.6,43.3
5887-17 (2).BMT,76.6,58.0,90.3,56.3,85.0,72.0
5894-17 (2).BMT,62.3,36.6,78.3,42.3,72.3,47.6
5894-17 (4).BMT,70.6,57.0,89.6,57.3,76.3,76.0
5895-17.BMT,64.3,40.6,76.0,43.3,66.6,59.0
5899-17 (2).BMT,71.3,38.6,83.0,36.6,79.3,52.0
5927-17.BMT,58.0,57.3,64.6,56.0,64.0,66.6
5928-17 (2).BMT,52.0,40.3,67.0,43.3,62.3,54.0
5944-17 (2).BMT,80.6,43.0,98.0,41.6,91.0,58.0
5948-17(2).BMT,66.3,61.3,75.3,61.0,68.0,71.0
5957-17 (2).BMT,48.6,54.3,64.6,57.3,48.3,74.0
5962-17 (2).BMT,66.3,51.3,79.3,53.6,71.3,65.6
5965-17 (2).BMT,64.0,59.0,76.6,58.0,68.6,72.3
5968-17 (2).BMT,75.0,29.3,87.6,27.0,83.0,39.0
5975-17 (2).BMT,60.6,57.3,69.6,56.0,64.0,68.3
5995 (2).BMT,55.0,52.0,66.3,53.3,60.3,67.0
6049 (2).BMT,77.0,43.6,89.3,41.6,84.6,54.6
6056 (2).BMT,77.6,48.3,87.6,47.0,85.6,56.0
6068 (2).BMT,78.0,71.29,90.86,72.14,84.86,84.0
6108 (2).BMT,93.71,50.43,107.71,52.57,101.57,64.0
6111 (2).BMT,73.6,57.3,88.6,57.3,75.6,67.3
6133 (2).BMT,90.86,69.0,101.57,68.29,98.71,80.0
6165 (2).BMT,67.0,39.6,77.0,37.3,74.0,53.0
6176 (2).BMT,83.3,53.0,96.3,52.6,91.0,68.0
6182-17-2.BMT,76.6,35.3,86.0,35.3,84.0,45.6
6182-17.BMT,102.0,58.0,114.0,56.0,112.0,72.6
6195 (2).BMT,83.6,35.6,91.6,38.6,86.6,48.3
6206 (2).BMT,65.3,47.3,77.3,50.6,69.6,57.3
6207 (2).BMT,49.0,58.3,59.6,59.0,53.0,65.6
6208 (2).BMT,84.3,45.0,95.0,40.0,94.0,59.0
6211 (2).BMT,63.3,46.3,72.6,45.6,69.6,56.6
6212 (2).BMT,64.0,75.0,71.0,74.0,69.0,81.0
6222-17.BMT,67.3,48.6,79.6,51.0,73.0,61.6
6239-17.BMT,67.0,51.43,79.86,43.57,78.71,61.43
6241-17.BMT,96.6,42.3,106.6,42.6,103.3,56.6
6249-17 (2).BMT,77.14,38.43,90.71,38.43,85.57,52.0
6250-17.BMT,89.3,55.6,100.0,53.6,98.0,70.0
6257-17.BMT,67.6,38.0,76.6,39.6,71.6,51.0
IV_00001 (2).BMT,145.57,107.71,160.57,105.43,153.71,125.57
IV_00003.BMT,145,55,168,51,169,94
IV_00009.BMT,119.0,41.0,154.6,42.6,128.6,60.6
IV_00012.BMT,144.14,42.57,171.14,42.43,159.71,60.57
IV_00013.BMT,222.71,71.29,233.57,84.86,213.43,82.71
IV_00022.BMT,52,79,70,77,54,97
IV_00061.BMT,175.5,79.43,199.86,81.57,196.57,111.7
IV_00061B.BMT,176.1,79.29,198.86,81.71,195.14,109.5
IV_00084B.BMT,87.7,74.0,105.14,76.57,85.86,95.7
IV_00086.BMT,102.8,83.43,121.71,91.43,100.86,100.5
IV_00087.BMT,72.1,77.43,92.57,75.14,83.86,109.2
IV_00089.BMT,99.1,70.0,117.86,69.86,110.57,90.7
IV_00091B.BMT,208.1,83.29,230.57,85.43,217.2,114.86
IV_00103.BMT,233.5,94.43,253.86,94.43,247.8,120.43
IV_00114.BMT,195.5,74.43,218.71,69.14,219.8,84.57
IV_00115.BMT,180.5,103.0,200.71,104.29,182.4,136.86
IV_00116.BMT,210.7,81.43,230.14,84.0,199.4,103.0
IV_00118.BMT,121.0,66.57,141.43,63.0,130.4,98.0
IV_00122.BMT,79.57,102.0,102.43,107.7,70.71,119.14
IV_00123.BMT,103.14,83.43,124.7,83.14,121.43,104.43
IV_00125.BMT,90.86,89.43,105.7,88.57,93.14,116.29
IV_00134.BMT,151.3,51.0,170.3,55.6,153.0,74.0
IV_00137.BMT,143.0,26.6,165.0,26.6,155.0,47.3
IV_00139.BMT,139.0,31.0,154.3,30.0,149.3,47.3
IV_00147.BMT,203.29,65.14,219.86,69.0,198.0,88.14
IV_00148.BMT,183.57,77.14,212.29,73.71,203.0,109.43
IV_00148B.BMT,181.57,74.43,215.86,68.71,203.43,110.71
IV_00150B.BMT,86.6,54.6,104.0,59.0,84.0,74.6
IV_00151.BMT,63.3,97.0,89.0,97.6,66.0,124.6
IV_00151B.BMT,59.86,95.86,84.57,96.14,65.29,127.57
IV_00152.BMT,76.29,124.0,102.29,118.29,87.71,148.14
IV_00173.BMT,68.86,74.43,91.29,70.71,86.0,93.14
IV_00176.BMT,167.71,74.43,190.14,75.57,164.57,115.29
IV_00177B.BMT,106.0,88.71,126.57,82.86,129.0,113.57
IV_00181.BMT,193.71,121.29,215.71,130.14,189.57,141.43
IV_00183.BMT,176.86,100.71,200.86,103.57,175.86,138.71
IV_00184B.BMT,182.57,78.71,204.43,72.29,201.14,103.14
IV_00185.BMT,201.14,104.14,220.0,107.14,197.0,117.86
IV_00187.BMT,172.0,106.86,195.29,96.43,183.0,126.14
IV_00199B.BMT,243.3,64.3,263.3,64.6,256.3,93.6
IV_00210.BMT,159.57,76.86,180.57,79.57,156.29,100.86
IV_00231.BMT,76.0,65.29,111.14,76.14,68.0,84.43
IV_00233.BMT,184.43,82.14,203.29,77.86,202.0,89.71
IV_00234B.BMT,114.0,50.6,132.3,58.3,109.6,66.0
IV_00238B.BMT,89.86,71.86,114.29,66.0,114.29,82.43
IV_00239.BMT,184.43,99.0,204.29,101.57,181.0,123.71
IV_00240.BMT,122.86,66.57,143.43,67.29,120.29,90.57
IV_00241.BMT,186.14,105.86,205.0,107.57,195.14,127.57
IV_00242.BMT,81.43,89.0,97.43,86.14,93.86,105.86
IV_00243.BMT,189.0,106.71,206.14,107.43,196.86,129.71
IV_00244B.BMT,191.71,81.0,222.0,79.86,211.14,102.71
IV_00245.BMT,226.43,70.14,250.86,80.86,224.29,89.14
IV_00246.BMT,201.0,96.29,223.86,102.57,199.43,121.29
IV_00247B.BMT,224.86,70.57,248.57,64.57,250.86,84.71
IV_00249.BMT,187.29,80.57,212.86,71.29,216.29,91.86
IV_00250.BMT,101.14,85.43,119.86,77.86,123.29,101.57
IV_00252.BMT,217.43,77.0,239.29,67.71,235.86,79.71
IV_00254.BMT,199.0,105.0,221.0,117.14,195.14,120.29
IV_00255B.BMT,111.86,77.0,134.29,70.14,137.57,99.0
IV_00256.BMT,190.71,75.29,215.29,74.29,194.71,103.14
IV_00258.BMT,212.0,76.57,229.14,83.29,216.0,97.14
IV_00260.BMT,140.0,86.57,162.86,80.14,152.43,98.57
IV_00281.BMT,218.0,95.71,237.57,95.43,230.71,119.57
IV_00283.BMT,62.6,58.6,84.0,57.6,68.3,87.0
IV_00284.BMT,183.71,75.43,201.43,67.29,198.57,84.71
IV_00305.BMT,203.57,81.86,225.43,84.57,214.0,103.57
IV_00308.BMT,207.43,95.86,229.57,99.0,219.71,120.71
IV_00309.BMT,214.43,89.86,240.86,91.14,229.86,132.14
IV_00310.BMT,199.86,92.14,219.14,95.0,204.71,117.0
IV_00312.BMT,141.14,78.57,157.57,88.0,139.86,92.86
IV_00313B.BMT,196,38,223,29,219,57
IV_00315.BMT,193.71,81.0,214.43,82.14,208.43,95.71
IV_00318.BMT,207.14,78.29,231.29,76.14,228.57,89.0
IV_00320.BMT,191.43,76.57,211.14,71.57,210.14,86.29
IV_00321.BMT,125.86,96.29,150.14,87.29,150.29,107.0
IV_00322.BMT,241.0,101.6,262.3,103.6,248.6,125.0
IV_00323.BMT,88.57,61.57,112.0,52.0,117.43,82.57
IV_00324.BMT,149.14,87.14,163.86,92.29,151.0,101.86
IV_00325.BMT,215.43,87.86,240.43,89.57,224.86,124.14
IV_00327.BMT,192.14,81.71,213.14,87.57,192.29,101.71
IV_00328.BMT,76.71,83.0,96.43,81.86,84.29,111.86
IV_00330.BMT,212.71,123.0,241.86,125.71,232.86,148.86
IV_00331.BMT,193.57,93.14,216.57,89.86,198.57,112.14
IV_00332.BMT,193.14,67.86,215.71,66.43,212.29,96.29
IV_00333.BMT,204.71,78.0,225.71,71.0,225.14,93.57
IV_00334.BMT,63.57,75.0,86.14,67.29,86.29,107.0
IV_00335.BMT,87.29,73.0,106.71,71.29,93.86,80.14
IV_00336.BMT,206.43,80.0,230.57,70.57,240.71,91.0
IV_00339B.BMT,103.0,56.3,124.3,67.0,101.6,70.0
IV_00340B.BMT,130.14,82.57,153.43,74.43,162.43,92.43
IV_00341.BMT,87.14,123.0,109.86,125.43,86.43,139.71
IV_00342.BMT,181.43,83.29,206.71,85.29,183.86,122.14
IV_00343.BMT,92.57,70.43,112.86,64.0,112.43,88.43
IV_00344.BMT,206.29,82.57,224.57,83.14,206.14,101.29
IV_00346.BMT,110.0,47.0,125.6,51.0,109.6,52.3
IV_00347.BMT,223.14,66.86,239.86,60.43,241.86,77.71
IV_00348.BMT,214.43,76.43,232.57,75.71,224.86,100.29
IV_00349.BMT,136.6,56.0,157.0,62.3,146.3,76.0
IV_00350.BMT,105.57,97.71,126.29,90.0,126.86,111.57
IV_00351.BMT,214.43,112.29,240.57,112.0,230.57,139.86
IV_00352.BMT,195.57,129.71,219.14,134.86,193.71,149.0
IV_00353.BMT,127.86,94.0,152.71,92.0,150.57,119.71
IV_00354.BMT,104.43,99.71,130.86,90.0,120.86,109.71
IV_00356.BMT,162.14,109.57,186.14,108.86,168.43,140.71
IV_00357.BMT,200.14,113.14,224.43,122.29,206.0,149.57
IV_00358B.BMT,108.0,58.6,128.6,62.6,108.0,71.3
IV_00359.BMT,108.29,79.43,136.0,79.0,113.71,102.57
IV_00360B.BMT,207.43,72.43,234.29,76.57,226.14,115.14
IV_00361.BMT,103.86,89.0,129.57,79.86,125.14,107.57
IV_00362.BMT,88.3,66.0,106.3,68.6,88.0,87.6
IV_00363.BMT,118.43,98.86,139.86,90.86,146.43,116.57
IV_00364.BMT,96.71,75.29,121.0,75.0,103.29,97.29
IV_00365.BMT,105.0,61.0,123.6,67.0,103.0,78.0
123457Thermal.jpg,183.0,213.0,247.0,213.0,208.0,217.0
123458Thermal.jpg,166.0,222.0,230.0,222.0,196.0,228.0
123501Thermal.jpg,88.0,188.0,144.0,191.0,116.0,192.0
123503Thermal.jpg,130.0,113.0,194.0,137.0,157.0,123.0
123505Thermal.jpg,249.0,229.0,310.0,242.0,275.0,238.0
133201Thermal.jpg,109.0,126.0,177.0,124.0,135.0,167.0
133202Thermal.jpg,151.0,118.0,229.0,117.0,189.0,146.0
133203Thermal.jpg,151.0,116.0,229.0,119.0,188.0,150.0
133204Thermal.jpg,149.0,119.0,226.0,121.0,192.0,144.0
133205Thermal.jpg,149.0,124.0,226.0,128.0,182.0,152.0
133206Thermal.jpg,160.0,134.0,231.0,140.0,193.0,163.0
133207Thermal.jpg,163.0,128.0,229.0,133.0,200.0,149.0
133208Thermal.jpg,150.0,129.0,227.0,128.0,183.0,150.0
133209Thermal.jpg,145.0,138.0,217.0,137.0,176.0,160.0
133405Thermal.jpg,119.0,111.0,194.0,117.0,145.0,141.0
133406Thermal.jpg,117.0,111.0,203.0,108.0,147.0,141.0
133407Thermal.jpg,116.0,110.0,201.0,115.0,148.0,132.0
133408Thermal.jpg,127.0,100.0,199.0,106.0,150.0,136.0
133843Thermal.jpg,191.0,188.0,257.0,182.0,220.0,194.0
134204Thermal.jpg,183.0,303.0,245.0,303.0,212.0,304.0
134345Thermal.jpg,137.0,103.0,239.0,106.0,189.0,97.0
134346Thermal.jpg,144.0,96.0,237.0,98.0,189.0,91.0
134754Thermal.jpg,119.0,221.0,172.0,220.0,145.0,224.0
134956Thermal.jpg,151.0,300.0,213.0,310.0,177.0,311.0
135050Thermal.jpg,156.0,197.0,229.0,195.0,190.0,204.0
135548Thermal.jpg,110.0,280.0,175.0,279.0,138.0,315.0
135925Thermal.jpg,118.0,186.0,180.0,182.0,144.0,209.0
135926Thermal.jpg,110.0,194.0,170.0,195.0,134.0,219.0
135927Thermal.jpg,117.0,204.0,180.0,201.0,146.0,234.0
135928Thermal.jpg,133.0,199.0,199.0,201.0,167.0,237.0
135929Thermal.jpg,137.0,204.0,200.0,198.0,164.0,238.0
135930Thermal.jpg,144.0,207.0,211.0,211.0,172.0,253.0
135931Thermal.jpg,140.0,209.0,210.0,208.0,175.0,252.0
135932Thermal.jpg,155.0,195.0,214.0,194.0,187.0,232.0
135933Thermal.jpg,167.0,161.0,235.0,161.0,197.0,175.0
135934Thermal.jpg,182.0,184.0,241.0,179.0,204.0,195.0
135935Thermal.jpg,182.0,179.0,240.0,177.0,209.0,191.0
135936Thermal.jpg,184.0,180.0,249.0,180.0,215.0,192.0
135937Thermal.jpg,187.0,186.0,249.0,186.0,216.0,192.0
135940Thermal.jpg,163.0,225.0,231.0,236.0,194.0,232.0
135941Thermal.jpg,160.0,221.0,224.0,232.0,191.0,226.0
135942Thermal.jpg,160.0,222.0,225.0,228.0,188.0,229.0
140805Thermal.jpg,173.0,197.0,238.0,192.0,199.0,198.0
140806Thermal.jpg,166.0,196.0,235.0,193.0,197.0,201.0
140807Thermal.jpg,170.0,198.0,233.0,198.0,198.0,204.0
140808Thermal.jpg,169.0,201.0,235.0,198.0,198.0,205.0
140809Thermal.jpg,169.0,200.0,233.0,192.0,194.0,205.0
140810Thermal.jpg,169.0,201.0,233.0,198.0,196.0,207.0
140811Thermal.jpg,168.0,201.0,234.0,203.0,199.0,208.0
140812Thermal.jpg,169.0,202.0,235.0,202.0,201.0,210.0
140813Thermal.jpg,169.0,201.0,232.0,200.0,193.0,210.0
140818Thermal.jpg,212.0,208.0,275.0,200.0,245.0,215.0
141755Thermal.jpg,216.0,259.0,285.0,259.0,246.0,268.0
141756Thermal.jpg,208.0,249.0,273.0,248.0,235.0,255.0
141757Thermal.jpg,202.0,251.0,267.0,252.0,231.0,262.0
141758Thermal.jpg,206.0,253.0,270.0,253.0,232.0,258.0
141759Thermal.jpg,205.0,274.0,267.0,277.0,236.0,280.0
142150Thermal.jpg,154.0,249.0,240.0,253.0,196.0,246.0
142551Thermal.jpg,185.0,408.0,216.0,413.0,197.0,421.0
142552Thermal.jpg,181.0,398.0,211.0,402.0,197.0,414.0
142553Thermal.jpg,179.0,400.0,211.0,403.0,197.0,419.0
142554Thermal.jpg,177.0,401.0,206.0,403.0,190.0,417.0
142555Thermal.jpg,184.0,406.0,216.0,411.0,203.0,426.0
142556Thermal.jpg,182.0,405.0,213.0,408.0,197.0,425.0
142557Thermal.jpg,183.0,407.0,218.0,411.0,201.0,425.0
142558Thermal.jpg,210.0,411.0,241.0,418.0,225.0,428.0
142559Thermal.jpg,212.0,409.0,242.0,416.0,226.0,428.0
142606Thermal.jpg,219.0,381.0,249.0,386.0,235.0,403.0
142607Thermal.jpg,220.0,379.0,252.0,386.0,236.0,405.0
142640Thermal.jpg,124.0,308.0,151.0,318.0,127.0,330.0
142642Thermal.jpg,121.0,290.0,152.0,302.0,129.0,315.0
142643Thermal.jpg,123.0,295.0,152.0,306.0,128.0,315.0
142644Thermal.jpg,127.0,305.0,159.0,317.0,134.0,333.0
142645Thermal.jpg,134.0,312.0,165.0,327.0,141.0,335.0
142646Thermal.jpg,193.0,378.0,216.0,403.0,189.0,402.0
142649Thermal.jpg,228.0,386.0,245.0,406.0,224.0,407.0
142650Thermal.jpg,104.0,359.0,135.0,373.0,107.0,378.0
142651Thermal.jpg,103.0,361.0,130.0,375.0,106.0,376.0
142810Thermal.jpg,134.0,233.0,229.0,246.0,181.0,231.0
142811Thermal.jpg,162.0,232.0,256.0,241.0,209.0,226.0
142812Thermal.jpg,170.0,223.0,271.0,238.0,216.0,219.0
142813Thermal.jpg,180.0,222.0,278.0,233.0,233.0,213.0
142814Thermal.jpg,179.0,221.0,280.0,232.0,230.0,214.0
142815Thermal.jpg,182.0,218.0,282.0,230.0,236.0,213.0
142816Thermal.jpg,186.0,219.0,285.0,233.0,239.0,208.0
142817Thermal.jpg,183.0,223.0,284.0,232.0,235.0,210.0
142818Thermal.jpg,187.0,222.0,290.0,233.0,236.0,214.0
142819Thermal.jpg,176.0,232.0,276.0,243.0,224.0,224.0
142820Thermal.jpg,168.0,239.0,266.0,250.0,211.0,234.0
142821Thermal.jpg,136.0,262.0,235.0,275.0,182.0,260.0
142822Thermal.jpg,138.0,258.0,230.0,272.0,180.0,254.0
142823Thermal.jpg,140.0,258.0,231.0,269.0,178.0,258.0
142824Thermal.jpg,135.0,259.0,231.0,268.0,182.0,260.0
142825Thermal.jpg,140.0,257.0,232.0,271.0,182.0,256.0
143021Thermal.jpg,68.0,176.0,163.0,180.0,117.0,173.0
143022Thermal.jpg,74.0,187.0,165.0,193.0,115.0,181.0
143023Thermal.jpg,108.0,234.0,183.0,244.0,143.0,242.0
143024Thermal.jpg,95.0,252.0,185.0,255.0,137.0,255.0
143030Thermal.jpg,115.0,186.0,212.0,189.0,160.0,182.0
143031Thermal.jpg,130.0,190.0,224.0,194.0,176.0,185.0
143032Thermal.jpg,131.0,187.0,224.0,196.0,171.0,184.0
143053Thermal.jpg,137.0,242.0,223.0,264.0,171.0,242.0
143054Thermal.jpg,127.0,240.0,219.0,260.0,168.0,240.0
143055Thermal.jpg,130.0,239.0,218.0,262.0,164.0,243.0
143056Thermal.jpg,133.0,239.0,219.0,261.0,170.0,242.0
143057Thermal.jpg,133.0,239.0,219.0,259.0,171.0,244.0
143058Thermal.jpg,125.0,240.0,219.0,259.0,173.0,244.0
143059Thermal.jpg,122.0,239.0,214.0,257.0,164.0,244.0
143100Thermal.jpg,125.0,237.0,213.0,259.0,164.0,239.0
143101Thermal.jpg,129.0,238.0,217.0,261.0,169.0,243.0
143223Thermal.jpg,150.0,235.0,240.0,251.0,195.0,234.0
153923Thermal.jpg,219.0,264.0,267.0,264.0,246.0,308.0
192232Thermal.jpg,116.0,63.0,203.0,65.0,162.0,71.0
192233Thermal.jpg,113.0,59.0,202.0,61.0,158.0,66.0